{
  "source_type_loss": [
    1.5178437018179678,
    1.4766297565924156,
    1.450809521718068,
    1.3740093332153183,
    1.2565653796668526
  ],
  "has_author_loss": [
    0.638729037465276,
    0.6276135390943235,
    0.6277267138163248,
    0.6294120335364127,
    0.6272188092137242
  ],
  "citation_style_loss": [
    1.1060063280500807,
    1.1024729894088194,
    1.099932268933133,
    1.1013031521359005,
    1.0998613125569112
  ],
  "source_type_accuracy": [
    0.23798076929272832,
    0.23659476785509437,
    0.28432519062682315,
    0.3707337145869796,
    0.42208073482857095
  ],
  "has_author_accuracy": [
    0.6637430701169882,
    0.666991510906735,
    0.6601264726471257,
    0.6616640681619043,
    0.6628768191681252
  ],
  "citation_style_accuracy": [
    0.3333116771133096,
    0.3447028759632025,
    0.3400251212957743,
    0.32991164251490757,
    0.3437066875599526
  ],
  "val_source_type_loss": [
    1.5178437018179678,
    1.4766297565924156,
    1.450809521718068,
    1.3740093332153183,
    1.2565653796668526
  ],
  "val_has_author_loss": [
    0.638729037465276,
    0.6276135390943235,
    0.6277267138163248,
    0.6294120335364127,
    0.6272188092137242
  ],
  "val_citation_style_loss": [
    1.1060063280500807,
    1.1024729894088194,
    1.099932268933133,
    1.1013031521359005,
    1.0998613125569112
  ],
  "val_source_type_accuracy": [
    0.23798076929272832,
    0.23659476785509437,
    0.28432519062682315,
    0.3707337145869796,
    0.42208073482857095
  ],
  "val_has_author_accuracy": [
    0.6637430701169882,
    0.666991510906735,
    0.6601264726471257,
    0.6616640681619043,
    0.6628768191681252
  ],
  "val_citation_style_accuracy": [
    0.3333116771133096,
    0.3447028759632025,
    0.3400251212957743,
    0.32991164251490757,
    0.3437066875599526
  ]
}